<?xml version="1.0" encoding="UTF-8"?>
<project-private xmlns="http://www.netbeans.org/ns/project-private/1">
    <editor-bookmarks xmlns="http://www.netbeans.org/ns/editor-bookmarks/2" lastBookmarkId="0"/>
    <open-files xmlns="http://www.netbeans.org/ns/projectui-open-files/2">
        <group>
            <file>file:/C:/Users/Blondin/Documents/NetBeansProjects/taxi_online/taxi_online-war/nbproject/build-impl.xml</file>
            <file>file:/C:/Users/Blondin/Documents/NetBeansProjects/taxi_online/taxi_online-war/web/utilisateur.xhtml</file>
            <file>file:/C:/Users/Blondin/Documents/NetBeansProjects/taxi_online/taxi_online-war/web/resources/css/cssLayout.css</file>
            <file>file:/C:/Users/Blondin/Documents/NetBeansProjects/taxi_online/taxi_online-war/web/index.xhtml</file>
            <file>file:/C:/Users/Blondin/Documents/NetBeansProjects/taxi_online/taxi_online-war/web/resources/css/default.css</file>
            <file>file:/C:/Users/Blondin/Documents/NetBeansProjects/taxi_online/taxi_online-war/src/java/Controller/ControllerUser.java</file>
        </group>
    </open-files>
</project-private>
